cluster,,userid,cluster,distance_from_cluster_center,reputation,views,upvotes,downVotes,age,post_count,comment_count,badges
4,175517,2656341,4,0.33736530096794004,4,2,0,0,27,1,2,null
4,186274,2147548,4,0.33736777106185845,1,5,0,0,27,1,2,null
4,173897,2698740,4,0.33736779831247776,1,4,0,0,27,1,2,null
4,144342,3157521,4,0.33736875818116807,1,3,0,0,27,1,2,null
4,150353,2761125,4,0.3373701257499264,16,0,0,0,27,1,1,null
1,178198,1680543,1,0.7362056226649045,31,2,0,0,44,4,0,null
1,169760,717938,1,0.7362701707575241,9,2,0,0,44,2,3,null
1,195881,2659954,1,0.7363108364193269,101,1,0,0,44,1,1,null
1,300852,717621,1,0.7363110101452137,1,0,0,0,44,2,5,null
1,244634,2502385,1,0.7365762677182495,24,1,0,0,44,1,1,null
3,54391,811865,3,2.0401252753436787,668,39,132,4,29,33,60,"WrappedArray(Editor, Scholar, Teacher, Supporter, Autobiographer, Critic, Commentator, Popular Question, Student, Popular Question, Yearling, Yearling)"
3,259370,265195,3,2.0470899169874017,800,54,83,0,30,28,44,"WrappedArray(Yearling, Popular Question, Popular Question, Tumbleweed, Popular Question, Popular Question, Scholar, Student, Supporter, Teacher, Editor, Commentator, Critic, Autobiographer, Notable Question, Yearling, Yearling, Notable Question, Popular Question)"
3,229213,89376,3,2.0516825471296407,331,79,95,2,29,14,59,"WrappedArray(Teacher, Student, Editor, Supporter, Autobiographer, Scholar, Commentator, Yearling, Popular Question, Critic, Notable Question, Popular Question, Popular Question)"
3,33438,195652,3,2.0582680772184823,789,206,183,5,29,14,90,"WrappedArray(Popular Question, Notable Question, Popular Question, Popular Question, Tumbleweed, Yearling, Autobiographer, Popular Question, Notable Question, Notable Question, Popular Question, Yearling, Notable Question, Popular Question, Notable Question, Popular Question, Scholar, Student, Supporter, Teacher, Editor, Commentator, Critic, Popular Question, Notable Question, Popular Question, Popular Question, Popular Question, Popular Question, Notable Question, Notable Question, Popular Question, Yearling, Popular Question, Popular Question)"
3,6432,244835,3,2.068375760554966,997,167,161,0,28,26,16,"WrappedArray(Commentator, Notable Question, Yearling, Editor, Student, Teacher, Supporter, Scholar, Critic, Autobiographer, Yearling, Popular Question, Yearling, Yearling)"
2,147484,60724,2,12.851164050614194,13787,993,1770,151,29,431,733,"WrappedArray(Popular Question, Popular Question, Necromancer, Notable Question, Yearling, Promoter, Disciplined, Benefactor, Nice Answer, Cleanup, Nice Answer, Nice Answer, .net, c#, Good Answer, Nice Answer, Suffrage, Citizen Patrol, Pundit, Revival, Notable Question, Nice Answer, Enlightened, Good Answer, Tag Editor, Nice Answer, Revival, Popular Question, Revival, Quorum, Sportsmanship, Yearling, Necromancer, Nice Question, Custodian, Mortarboard, Nice Answer, Yearling, Nice Answer, Enlightened, Popular Question, Popular Question, Notable Question, Yearling, Necromancer, Excavator, Analytical, Nice Answer, Good Answer, Nice Answer, Popular Question, Caucus, Notable Question, Popular Question, Nice Answer, Notable Question, Notable Question, Nice Answer, Popular Question, Revival, Nice Answer, Nice Answer, Nice Question, Taxonomist, Popular Question, Nice Answer, Custodian, Nice Answer, Teacher, Editor, Student, Supporter, Scholar, Autobiographer, Critic, Commentator, Nice Answer, Necromancer, Nice Answer, Organizer, Tumbleweed, Peer Pressure, Civic Duty, Enthusiast, Self-Learner, Necromancer, Nice Question, Famous Question, c#, Nice Answer, Enlightened, javascript, Popular Question, Necromancer, Popular Question, Necromancer, Nice Answer, Nice Answer, Custodian, Custodian, Custodian, Proofreader, Popular Question, Nice Answer, Nice Answer, Caucus, Caucus, Constituent, Popular Question, Caucus, Popular Question, Nice Question, Popular Question, Informed, Necromancer, Notable Question)"
2,174224,187141,2,13.28139925027156,17861,1663,1421,58,38,513,1048,"WrappedArray(Popular Question, Popular Question, Popular Question, Notable Question, Popular Question, Popular Question, Popular Question, Popular Question, Nice Question, Notable Question, Notable Question, Popular Question, Popular Question, Popular Question, Popular Question, Popular Question, Popular Question, Popular Question, Notable Question, Popular Question, Notable Question, Popular Question, Popular Question, Popular Question, Popular Question, Yearling, Popular Question, Popular Question, Necromancer, Popular Question, Popular Question, Notable Question, Notable Question, Notable Question, Necromancer, Notable Question, Nice Question, Popular Question, Notable Question, Famous Question, Popular Question, Notable Question, Popular Question, Necromancer, Popular Question, Notable Question, Popular Question, Necromancer, Custodian, Popular Question, Notable Question, Notable Question, Notable Question, Popular Question, Popular Question, Notable Question, Good Answer, Notable Question, Nice Question, Nice Question, Necromancer, Popular Question, Notable Question, Popular Question, Famous Question, Notable Question, Famous Question, Nice Question, Revival, Nice Question, Notable Question, Notable Question, Popular Question, java, Nice Answer, Popular Question, Popular Question, Popular Question, Excavator, Popular Question, Popular Question, Popular Question, Popular Question, Popular Question, Popular Question, Popular Question, Yearling, Necromancer, Popular Question, Nice Answer, Popular Question, Popular Question, Popular Question, Popular Question, Popular Question, Necromancer, Popular Question, Popular Question, Notable Question, Popular Question, Popular Question, Popular Question, Popular Question, Popular Question, Popular Question, Popular Question, Popular Question, Famous Question, Nice Question, Popular Question, Popular Question, Necromancer, Necromancer, Popular Question, Popular Question, Popular Question, Popular Question, Notable Question, Notable Question, Notable Question, Notable Question, Necromancer, Notable Question, Nice Question, Notable Question, Nice Question, Popular Question, Yearling, Notable Question, Pundit, Notable Question, Notable Question, Nice Question, Popular Question, Nice Question, Popular Question, Popular Question, Nice Question, Revival, Good Question, Notable Question, Popular Question, Popular Question, Necromancer, Notable Question, Notable Question, Notable Question, Notable Question, Popular Question, Popular Question, Nice Question, Popular Question, Popular Question, Notable Question, Popular Question, Popular Question, Notable Question, Nice Answer, Mortarboard, Nice Question, Good Answer, Nice Answer, Enlightened, Popular Question, Nice Question, Notable Question, Nice Question, Popular Question, Custodian, Popular Question, Popular Question, Notable Question, Popular Question, Popular Question, Popular Question, Nice Answer, java, Popular Question, Caucus, Popular Question, Nice Answer, Notable Question, Notable Question, Scholar, Student, Tumbleweed, Supporter, Commentator, Editor, Autobiographer, Popular Question, Popular Question, Notable Question, Popular Question, Popular Question, Notable Question, Notable Question, Popular Question, Popular Question, Popular Question, Nice Answer, Nice Question, Promoter, Benefactor, Critic, Teacher, Yearling, Organizer, Self-Learner, Popular Question, Popular Question, Necromancer, Popular Question, Popular Question, Popular Question, Notable Question, Notable Question, Popular Question, Custodian, Nice Question, Nice Question, Popular Question, Notable Question, Popular Question, Taxonomist, Famous Question, Popular Question, Nice Question, Popular Question, Quorum, Citizen Patrol, Civic Duty, Nice Question, Popular Question, Notable Question, Popular Question, Popular Question, Nice Question, Popular Question, Nice Question, Notable Question, Popular Question, Good Question, Good Question, Notable Question, Popular Question, Notable Question, Notable Question, Popular Question, Popular Question, Famous Question, Popular Question, Popular Question, Guru, Revival, Necromancer, Enthusiast, Popular Question, Necromancer, Nice Question, Famous Question, Popular Question, Popular Question, Nice Answer, Popular Question, Popular Question, Popular Question, Popular Question, Popular Question, Popular Question, Revival, Popular Question, Nice Answer, Necromancer, Popular Question, Famous Question, Popular Question, Popular Question, Popular Question, Popular Question, Caucus, Notable Question, Notable Question, Popular Question, Popular Question, Notable Question, Popular Question, Popular Question, Notable Question, Notable Question, Revival, Notable Question, Nice Answer, Notable Question, Popular Question, Famous Question, Popular Question, Famous Question, Popular Question, Popular Question, Popular Question, Notable Question, Revival, Notable Question, Popular Question, Revival, Popular Question, Notable Question, Popular Question, Nice Question, Popular Question, Tenacious, Popular Question, Popular Question, Nice Question, Famous Question, Popular Question, Popular Question, Notable Question, Popular Question, Popular Question, Strunk & White, Nice Question, Popular Question, Famous Question, Good Answer, Good Question, Notable Question, Notable Question, Necromancer, Popular Question, Popular Question, Popular Question, Nice Question, Notable Question, Famous Question, Notable Question, Popular Question, Notable Question, Nice Question, Popular Question, Notable Question, Popular Question, Popular Question, Popular Question, Popular Question, Notable Question, Notable Question, Notable Question, Revival, Popular Question, Nice Question, Popular Question, Popular Question, Notable Question, Popular Question, Popular Question, Popular Question, Popular Question, Popular Question, Notable Question, Nice Question, Good Answer, Famous Question, Good Question, Nice Answer, Nice Question, Popular Question, Popular Question, Revival, Notable Question, Popular Question, Popular Question, Necromancer, Popular Question, Popular Question, Necromancer, Popular Question, Nice Answer, Good Question, Popular Question, Notable Question, Popular Question, Notable Question, Nice Answer, Notable Question, Famous Question, Revival, Notable Question, Famous Question, Notable Question, Nice Answer, Popular Question, Popular Question, Necromancer, Nice Answer, Notable Question, Popular Question)"
2,194586,111554,2,14.724181398407204,19873,1135,1918,79,35,538,852,"WrappedArray(Nice Answer, Yearling, Popular Question, Nice Answer, Nice Answer, Enlightened, Nice Answer, Nice Answer, Enlightened, Notable Question, Revival, Notable Question, .net, c#, Good Answer, Promoter, Benefactor, Nice Answer, Popular Question, asp.net, .net, c#, Popular Question, Taxonomist, Suffrage, Self-Learner, Revival, Popular Question, Pundit, Notable Question, Nice Answer, Guru, Popular Question, Nice Answer, Nice Question, Nice Answer, Nice Answer, Popular Question, Nice Answer, Popular Question, Nice Answer, Yearling, Nice Answer, Enlightened, Peer Pressure, Nice Answer, Mortarboard, Nice Answer, Necromancer, Good Answer, Yearling, Nice Answer, Quorum, Popular Question, Popular Question, Nice Answer, Nice Answer, Good Answer, Popular Question, Notable Question, Notable Question, Great Answer, Good Answer, Notable Question, Notable Question, Nice Question, Nice Answer, Popular Question, wcf, Teacher, Editor, Supporter, Student, Commentator, Critic, Autobiographer, Organizer, Nice Answer, Civic Duty, Tumbleweed, Scholar, Necromancer, Enthusiast, Nice Answer, Nice Answer, Nice Answer, Enlightened, Nice Answer, Nice Answer, Nice Answer, Enlightened, Nice Answer, Yearling, Nice Answer, Caucus, Caucus, Constituent, Good Answer, Nice Answer, Nice Answer, Good Answer, Popular Question, Notable Question, Popular Question, Popular Question, Nice Answer, Popular Question, Citizen Patrol, Popular Question, Popular Question, Enlightened, Nice Answer, Good Answer, Popular Question, Nice Answer, Nice Answer, Nice Answer, Good Answer, Nice Answer, Nice Answer, Popular Question, Nice Answer, Notable Question, Notable Question, Nice Question, Custodian)"
2,300636,344821,2,14.732039845090606,13619,776,1671,119,25,353,785,"WrappedArray(Teacher, Supporter, Editor, Critic, Organizer, Yearling, Autobiographer, Commentator, Student, Scholar, Excavator, Revival, Popular Question, Cleanup, Tag Editor, Quorum, Nice Answer, Enlightened, Nice Answer, Enlightened, Nice Answer, Enlightened, Nice Answer, Enlightened, python, Fanatic, Custodian, Custodian, Nice Question, Nice Answer, Enlightened, Notable Question, Announcer, Promoter, Benefactor, Enthusiast, Custodian, Custodian, Custodian, Informed, Caucus, Self-Learner, Good Answer, Proofreader, Nice Answer, Nice Answer, Yearling, Nice Answer, Enlightened, Strunk & White, Caucus, Caucus, Popular Question, Citizen Patrol, Civic Duty, python, Analytical, Mortarboard, Nice Answer, Enlightened, numpy, Yearling, Nice Answer, Pundit)"
2,240125,10583,2,15.155253519074993,16372,1403,1768,97,30,506,958,"WrappedArray(Nice Answer, Good Question, Great Answer, django, Informed, Popular Question, Popular Question, Yearling, Student, Editor, Scholar, Teacher, Supporter, Organizer, Commentator, Critic, Nice Answer, Popular Question, Popular Question, Citizen Patrol, Popular Question, Popular Question, Popular Question, Popular Question, Popular Question, Popular Question, Nice Question, Popular Question, Notable Question, Yearling, Taxonomist, Popular Question, Notable Question, Popular Question, Nice Question, Announcer, Nice Answer, Popular Question, Popular Question, Caucus, Popular Question, Popular Question, Notable Question, Nice Answer, Enlightened, Custodian, Notable Question, Nice Question, Nice Question, Famous Question, Quorum, Nice Question, Notable Question, Famous Question, Nice Question, django, Famous Question, Nice Question, Enthusiast, Notable Question, Notable Question, Popular Question, Notable Question, Notable Question, Notable Question, Popular Question, Popular Question, Civic Duty, Notable Question, Notable Question, Notable Question, Popular Question, Nice Question, Popular Question, Popular Question, Notable Question, Popular Question, Notable Question, Popular Question, Nice Question, Pundit, Popular Question, Popular Question, Famous Question, Popular Question, Popular Question, Famous Question, Famous Question, Famous Question, Promoter, Benefactor, Tenacious, Guru, Popular Question, Notable Question, Famous Question, Popular Question, python, Mortarboard, Good Answer, Nice Answer, Popular Question, Nice Question, Tumbleweed, Yearling, Nice Question, Popular Question, Famous Question, Cleanup, Popular Question, Nice Answer, Good Question, Good Question, Popular Question, Popular Question, Good Question, Favorite Question, Popular Question, Good Question, Notable Question, Notable Question, Nice Question, Famous Question, Notable Question, Popular Question, Nice Answer, Nice Answer, Nice Answer, Enlightened, Nice Question, Popular Question, Notable Question, Nice Answer, Favorite Question, Good Question, Nice Answer, Enlightened, Popular Question, Nice Question, Popular Question, django-models, Nice Answer, Good Question, Popular Question, Favorite Question, Yearling, Custodian, Nice Answer, Enlightened, Nice Question, Good Question, Popular Question, Popular Question, Notable Question, Excavator, Popular Question, Notable Question, Self-Learner, Yearling, Popular Question, Notable Question)"
0,157071,673730,0,244.7156034637085,121623,10525,3234,1336,26,3722,7294,"WrappedArray(Popular Question, Nice Answer, Nice Answer, Good Answer, Nice Answer, Guru, Enlightened, Guru, Popular Question, Nice Question, Nice Answer, Nice Answer, Nice Answer, Enlightened, Great Answer, map, Good Answer, Popular Question, Custodian, Custodian, Nice Answer, Enlightened, Enlightened, linked-list, g++, copy-constructor, Nice Answer, Nice Answer, Nice Answer, Enlightened, variables, Nice Answer, Enlightened, Nice Question, Nice Answer, Informed, Popular Question, Great Question, Nice Answer, linux, Nice Answer, Enlightened, Nice Answer, Nice Answer, coding-style, Nice Answer, Nice Answer, Enlightened, Notable Question, Nice Answer, Nice Answer, Nice Answer, const, Notable Question, Nice Answer, Enlightened, Nice Answer, Enlightened, Nice Answer, Enlightened, Nice Answer, Nice Answer, Nice Answer, Nice Answer, Nice Answer, Notable Question, Notable Question, virtual, Nice Answer, Enlightened, Nice Answer, Nice Answer, Enlightened, Good Question, Nice Question, Nice Answer, Enlightened, Nice Answer, compiler-errors, Nice Answer, Enlightened, Nice Answer, Nice Answer, Enlightened, Good Answer, Nice Answer, Enlightened, Nice Answer, Nice Answer, Enlightened, Nice Answer, Enlightened, polymorphism, Nice Answer, Notable Question, Enlightened, Favorite Question, linker-error, Nice Answer, Enlightened, Nice Answer, Enlightened, Nice Answer, Nice Answer, Enlightened, Nice Answer, Nice Answer, inheritance, gcc, Popular Question, Enlightened, Teacher, Supporter, Disciplined, Excavator, Nice Answer, Enlightened, Nice Answer, Enlightened, Synonymizer, Nice Answer, Good Question, Nice Answer, Enlightened, Strunk & White, Nice Answer, Nice Answer, Enlightened, Good Answer, c++, Nice Answer, Nice Answer, Good Question, Nice Question, Nice Answer, Enlightened, initialization, Notable Question, Popular Question, Nice Answer, Caucus, Nice Answer, Announcer, Nice Answer, Nice Answer, Enlightened, Nice Answer, Nice Answer, Enlightened, Guru, Notable Question, Nice Answer, Enlightened, Good Question, Nice Answer, Enlightened, char, Nice Question, overloading, Nice Answer, Nice Answer, Enlightened, Nice Answer, Popular Question, Popular Question, Enlightened, memory-leaks, Nice Answer, Nice Answer, Nice Answer, Enlightened, Enlightened, Nice Answer, Announcer, Good Answer, Nice Answer, c++11, Nice Question, Good Answer, Constituent, Popular Question, operators, Nice Answer, Enlightened, Nice Answer, Yearling, Good Answer, delete, Nice Question, Nice Question, Nice Question, destructor, Nice Answer, Nice Answer, Enlightened, Nice Answer, Enlightened, Good Answer, Guru, Announcer, Booster, Nice Answer, Great Answer, Outspoken, Nice Answer, Enlightened, Nice Answer, memory, Enlightened, Good Question, Good Answer, Popular Question, performance, Notable Question, Favorite Question, class, Nice Answer, Enlightened, Nice Answer, Nice Answer, Good Answer, c, Nice Answer, Custodian, Custodian, reference, visual-studio-2010, Nice Question, Nice Answer, Enlightened, Nice Answer, Enlightened, Nice Answer, Enlightened, Nice Answer, Enlightened, Nice Answer, Enlightened, Good Answer, Nice Answer, Enlightened, Nice Answer, Nice Answer, Good Answer, Nice Answer, Nice Question, Nice Question, Nice Answer, Good Question, Enlightened, Nice Answer, Enlightened, Nice Answer, Enlightened, Nice Answer, Nice Answer, Self-Learner, Nice Answer, Nice Question, Nice Answer, Enlightened, Nice Answer, Popular Question, Nice Answer, Enlightened, Nice Question, Nice Answer, Enlightened, Nice Answer, Enlightened, Good Question, stl, Talkative, Nice Answer, Nice Answer, Enlightened, Legendary, algorithm, Nice Answer, Announcer, Enlightened, operator-overloading, Nice Answer, Nice Answer, memory-management, Enlightened, Nice Answer, Enlightened, pointers, Enlightened, Famous Question, Nice Answer, Enlightened, Nice Question, Nice Question, Good Question, Nice Answer, Nice Answer, Nice Answer, Nice Answer, string, Nice Answer, Enlightened, Good Answer, Nice Answer, Enlightened, Popular Question, Famous Question, Popular Question, Great Answer, Nice Answer, Nice Answer, Nice Answer, Enlightened, Nice Answer, Enlightened, Good Answer, Nice Answer, Enlightened, Nice Answer, Enlightened, Nice Answer, Enlightened, Nice Answer, Enlightened, pointers, Nice Answer, Pundit, arrays, Epic, Electorate, Yearling, class, Deputy, Nice Answer, Nice Answer, Enlightened, c, constructor, Nice Answer, Popular Question, Enlightened, Sportsmanship, inheritance, Nice Answer, Enlightened, struct, visual-c++, Popular Question, oop, Cleanup, Civic Duty, Nice Answer, Nice Question, Nice Answer, Nice Question, Nice Answer, Enlightened, c++, Fanatic, Quorum, Nice Answer, Enlightened, c, Nice Answer, java, Nice Question, Popular Question, if-statement, Nice Answer, Enlightened, Nice Answer, Enlightened, Good Answer, Guru, Nice Answer, Nice Answer, Enlightened, Notable Question, Nice Answer, Enlightened, Good Answer, Guru, macros, Nice Answer, return, Good Answer, Nice Answer, Enlightened, Good Answer, Guru, Nice Answer, Nice Answer, Great Answer, syntax, java, Nice Answer, Enlightened, Popular Question, namespaces, Nice Answer, Popular Question, arrays, Notable Question, Commentator, Scholar, Editor, Student, Critic, Nice Answer, Mortarboard, Nice Answer, Citizen Patrol, Peer Pressure, Promoter, Benefactor, c++, Organizer, Analytical, Autobiographer, Enthusiast, Nice Answer, Proofreader, Enlightened, Nice Answer, Enlightened, Nice Answer, function, Nice Answer, Nice Answer, Enlightened, Nice Answer, Good Answer, Nice Answer, Enlightened, templates, string, Popular Question, Nice Question, static, php, Nice Answer, Good Answer, Nice Answer, Enlightened, Nice Answer, Enlightened, Nice Answer, Caucus, Caucus, Constituent, object, Nice Answer, Enlightened, Nice Answer, Enlightened, Nice Answer, vector, optimization, Nice Answer, Nice Answer, Constituent, Enlightened, Enlightened, Nice Answer, Enlightened, Nice Question, Nice Answer, Notable Question, Nice Answer, Enlightened, Nice Answer, Enlightened, std, Nice Question, Nice Answer, Nice Question, Nice Answer, Good Answer)"
0,20902,572644,0,354.7441678958422,82334,6904,4486,1733,30,2680,7915,"WrappedArray(Nice Answer, Good Answer, Guru, Enlightened, .net, delegates, Popular Question, Good Answer, Nice Answer, Enlightened, Good Answer, Nice Answer, Nice Answer, Enlightened, Nice Answer, Good Answer, Notable Question, performance, Nice Question, Favorite Question, Notable Question, Good Answer, Nice Answer, Good Answer, Nice Answer, Enlightened, Electorate, Popular Question, Nice Answer, Enlightened, Investor, Altruist, Nice Question, Marshal, regex, Nice Question, Nice Answer, Caucus, Nice Question, Enlightened, Nice Answer, Enlightened, Nice Answer, Nice Answer, Enlightened, Yearling, asp.net, Nice Answer, Enlightened, Nice Answer, string, Nice Answer, Popular Question, Nice Question, Nice Answer, Enlightened, xml, Custodian, Custodian, Custodian, Custodian, Custodian, Nice Answer, Nice Answer, Good Answer, Nice Answer, Enlightened, Enlightened, Guru, Nice Answer, Enlightened, Nice Answer, Enlightened, lambda, unit-testing, Nice Answer, Enlightened, Nice Question, Nice Answer, Enlightened, Good Answer, Nice Answer, Enlightened, Nice Answer, Autobiographer, winforms, Caucus, Nice Question, Nice Answer, Enlightened, linq, Guru, Yearling, Popular Question, Nice Answer, reflection, Nice Answer, Popular Question, Nice Answer, Generalist, Nice Answer, Nice Answer, Yearling, Nice Answer, Enlightened, Nice Answer, Enlightened, Informed, Nice Answer, Notable Question, Nice Answer, generics, Announcer, Nice Answer, Enlightened, Nice Answer, Enlightened, Nice Answer, Enlightened, Good Answer, Popular Question, Nice Answer, Enlightened, Popular Question, Popular Question, Nice Answer, Good Question, Great Answer, Nice Answer, Nice Answer, oracle, Nice Answer, Nice Answer, Nice Answer, Nice Answer, Nice Answer, Nice Answer, Enlightened, Enlightened, Enlightened, Enlightened, Nice Answer, Enlightened, Reviewer, design, Nice Answer, java, mysql, Nice Answer, Enlightened, Nice Answer, Revival, Civic Duty, Deputy, Enthusiast, Pundit, Benefactor, Nice Answer, Vox Populi, Nice Answer, linq, Nice Answer, Nice Answer, Nice Answer, c#, Nice Answer, Enlightened, Nice Answer, Enlightened, Nice Answer, Enlightened, sql, Nice Answer, .net, Disciplined, Self-Learner, Proofreader, Tag Editor, Excavator, Epic, Nice Answer, Sportsmanship, wpf, Nice Answer, Enlightened, Nice Answer, Good Answer, Enlightened, Guru, Quorum, Copy Editor, Nice Answer, Great Answer, Analytical, multithreading, Nice Answer, Enlightened, Nice Answer, Popular Question, interface, Nice Answer, Notable Question, linq, list, Nice Answer, Nice Question, Nice Answer, Enlightened, Good Answer, Nice Answer, Enlightened, Nice Answer, Enlightened, c#-4.0, Reviewer, Custodian, Nice Answer, Nice Answer, Nice Answer, Enlightened, Nice Answer, Popular Question, Famous Question, Nice Answer, entity-framework, Popular Question, Nice Answer, vb.net, Student, Editor, Teacher, Citizen Patrol, Commentator, Mortarboard, Supporter, Nice Answer, Critic, Organizer, c#, Scholar, Nice Answer, Enlightened, Suffrage, Tumbleweed, Cleanup, Promoter, Nice Answer, Enlightened, Strunk & White, .net, c#, Nice Answer, Enlightened, arrays, Nice Answer, Nice Answer, Enlightened, Good Answer, Guru, Great Answer, dictionary, Nice Answer, Enlightened, sql, git, Nice Answer, Good Answer, Nice Answer, sql-server, Legendary, Nice Answer)"
0,60705,734069,0,365.4054879492649,122434,10973,2136,1473,37,2516,6157,"WrappedArray(opengl-3, Necromancer, Nice Answer, Enlightened, Nice Answer, Enlightened, Nice Answer, Nice Answer, Nice Answer, Enlightened, Nice Answer, Notable Question, Nice Answer, Nice Answer, Nice Question, Nice Answer, Nice Answer, Nice Answer, Guru, Nice Answer, Enlightened, Nice Answer, Enlightened, Nice Answer, Nice Answer, Enlightened, lua, Nice Answer, Nice Answer, Good Answer, Nice Answer, Enlightened, Nice Answer, Enlightened, performance, Nice Answer, Nice Answer, Good Answer, Nice Answer, Enlightened, Nice Answer, Guru, Nice Answer, Booster, Nice Answer, Copy Editor, c, Deputy, Nice Answer, glsl, Popular Question, Electorate, Nice Answer, Enlightened, Popular Question, Nice Answer, Enlightened, Good Answer, Taxonomist, Nice Answer, Enlightened, Necromancer, Nice Answer, Enlightened, Informed, Nice Answer, Enlightened, Nice Answer, Enlightened, constructor, Nice Answer, Enlightened, Nice Answer, Nice Answer, Enlightened, Nice Answer, Good Answer, Good Answer, Nice Answer, Enlightened, Strunk & White, Excavator, c++, Nice Answer, Enlightened, Nice Question, Epic, Nice Answer, Enlightened, glsl, Enlightened, Enlightened, Nice Answer, Proofreader, Nice Answer, Nice Answer, Enlightened, boost, Convention, Nice Answer, Enlightened, Nice Answer, Nice Answer, Enlightened, Cleanup, Nice Answer, Enlightened, Nice Answer, Nice Answer, Good Answer, Enlightened, Synonymizer, Nice Answer, Guru, Enlightened, Nice Answer, Enlightened, Nice Answer, Nice Answer, Enlightened, Caucus, Caucus, Necromancer, Nice Answer, Enlightened, Necromancer, Constituent, Nice Answer, Good Answer, Nice Answer, Enlightened, Nice Question, Nice Answer, 3d, Nice Answer, Enlightened, visual-c++, memory-management, Nice Answer, Good Question, Nice Question, Sportsmanship, Nice Answer, Nice Answer, Enlightened, Nice Answer, Necromancer, Investor, Altruist, Nice Answer, Good Answer, Nice Answer, stl, Nice Answer, Enlightened, opengl-es, Nice Answer, Enlightened, Nice Answer, Nice Answer, Nice Answer, Enlightened, Nice Answer, Enlightened, Autobiographer, Nice Answer, Nice Answer, Self-Learner, Nice Answer, Good Answer, c++11, Nice Question, opengl, Nice Question, Legendary, Revival, Nice Answer, Nice Answer, Enlightened, Nice Answer, vector, Revival, Nice Answer, Nice Answer, Nice Answer, Enlightened, Enlightened, opengl-es-2.0, Caucus, vbo, Revival, Good Answer, Nice Answer, Nice Answer, Enlightened, Nice Answer, Enlightened, Good Question, Good Answer, Announcer, Nice Answer, Good Answer, Nice Answer, Enlightened, Nice Answer, Enlightened, Nice Answer, Nice Answer, Enlightened, Guru, Good Answer, webgl, Popular Question, Nice Answer, Nice Answer, Nice Answer, Enlightened, Nice Answer, Enlightened, Nice Answer, Nice Answer, Good Answer, Nice Answer, Enlightened, Nice Answer, Nice Answer, Favorite Question, Nice Answer, Enlightened, Guru, Nice Answer, Enlightened, Guru, Enlightened, Necromancer, Necromancer, Good Answer, move-semantics, Analytical, Nice Answer, shader, Nice Answer, Nice Answer, Nice Answer, Popular Question, Nice Answer, Enlightened, Announcer, Nice Answer, Necromancer, Nice Answer, Nice Answer, Good Answer, Guru, Good Answer, Announcer, Yearling, lua, Nice Answer, Good Answer, Nice Answer, Nice Answer, Enlightened, windows, Good Answer, Nice Answer, Enlightened, glsl, Enlightened, Nice Answer, Enlightened, Nice Answer, Good Answer, Nice Answer, Nice Answer, Great Answer, Good Answer, Nice Answer, Nice Answer, Talkative, pointers, Nice Answer, Enlightened, Nice Answer, Enlightened, Enlightened, opengl-es, Famous Question, Good Answer, Nice Answer, Enlightened, Nice Answer, Guru, Editor, Teacher, Supporter, Scholar, Student, Commentator, Mortarboard, Organizer, Tag Editor, Citizen Patrol, Critic, Nice Answer, Nice Answer, c++, opengl, Peer Pressure, Enthusiast, Nice Answer, Enlightened, Nice Answer, Nice Answer, Good Answer, Nice Answer, c++, Enlightened, Nice Answer, lua, Nice Answer, Civic Duty, Nice Answer, Pundit, Nice Answer, Good Answer, opengl, Guru, Quorum, c, Fanatic, Great Answer, Nice Answer, c++11, Nice Answer, Enlightened, Good Answer, shared-ptr, Nice Answer, Nice Answer, Enlightened, Guru, Nice Answer, Enlightened, Nice Answer, Enlightened, Good Answer, Nice Answer, multithreading, Nice Answer, Nice Answer, Good Answer, Custodian, java, glut, Nice Answer, Nice Answer, Enlightened, Nice Answer, Enlightened, Nice Answer, Enlightened, Nice Answer, Enlightened, Nice Answer, graphics, Nice Answer, Good Answer, Enlightened, Nice Answer, Nice Answer, Nice Answer, Notable Question, Revival, Nice Answer, Enlightened, Nice Question, Nice Answer, Nice Answer, Enlightened, Enlightened, Nice Answer, Nice Answer, Nice Answer, Nice Answer, lambda, Nice Answer, Enlightened, Nice Answer, Enlightened, Nice Answer, Enlightened, Custodian, Custodian, c++11, Nice Answer, Enlightened, Nice Answer, Revival, Nice Answer, Enlightened, Nice Answer, Enlightened, Nice Answer, Enlightened, Nice Answer, Nice Answer, Enlightened, Good Answer, Good Answer, Nice Answer, Great Answer, Nice Answer, textures, Nice Answer, Enlightened, Nice Answer, Enlightened, Nice Answer, Enlightened, Nice Answer, Enlightened, shader, Nice Answer, Enlightened, Nice Answer, Enlightened, Good Answer, Nice Answer, Enlightened, Great Answer, Nice Answer, Popular Question, Yearling, Nice Answer, Enlightened, Nice Answer, Enlightened, Nice Answer, Good Answer, Nice Answer, Nice Answer, Enlightened, Nice Answer)"
0,186749,104349,0,380.0835598500462,164783,12932,5344,1801,41,4660,4478,"WrappedArray(Nice Answer, Enlightened, Guru, Nice Answer, Enlightened, Nice Answer, Nice Answer, Nice Answer, Enlightened, Strunk & White, Nice Answer, Nice Answer, Nice Answer, Nice Answer, python, Nice Answer, python, django-templates, django-admin, django-models, django, django-forms, Nice Answer, Nice Answer, Nice Answer, django-models, Enlightened, Nice Answer, Nice Answer, Nice Answer, Enlightened, Good Answer, dictionary, Nice Answer, Nice Answer, django-admin, Nice Answer, Enlightened, Nice Answer, Nice Answer, Enlightened, Nice Answer, Enlightened, Nice Answer, Enlightened, Nice Answer, Nice Answer, regex, Nice Answer, Enlightened, Good Question, database, Nice Answer, Nice Answer, Enlightened, Enlightened, Good Answer, Nice Answer, Popular Question, Nice Answer, Nice Answer, Nice Answer, Enlightened, Nice Answer, Enlightened, Copy Editor, Good Answer, Nice Answer, Peer Pressure, Nice Answer, Nice Answer, Enlightened, Enlightened, Pundit, Nice Answer, Nice Answer, Enlightened, Tag Editor, Nice Answer, Enlightened, Nice Answer, Nice Answer, django-views, Enlightened, Good Answer, Good Answer, Good Answer, Great Answer, Nice Answer, Enlightened, Good Answer, Nice Answer, Enlightened, Nice Answer, Nice Answer, Nice Answer, Enlightened, Nice Answer, Custodian, ajax, Nice Answer, Nice Answer, Enlightened, Nice Answer, Enlightened, Fanatic, Citizen Patrol, Mortarboard, Civic Duty, python, Nice Answer, Nice Answer, Nice Answer, Nice Answer, django, Nice Answer, Nice Answer, Enlightened, Nice Answer, Yearling, Nice Answer, mysql, django-templates, Nice Answer, Enlightened, Nice Answer, Enlightened, Nice Answer, Nice Answer, Nice Answer, Nice Answer, Enlightened, Nice Answer, Enlightened, Nice Answer, django-forms, Nice Answer, Enlightened, Nice Answer, Nice Answer, Enlightened, Nice Answer, url, Nice Answer, Enlightened, Nice Answer, Good Answer, Nice Answer, Enlightened, Caucus, Good Answer, Nice Answer, Enlightened, Good Answer, Nice Answer, Enlightened, Good Answer, Nice Answer, Enlightened, Nice Answer, django-views, Good Answer, Nice Answer, Enlightened, Good Answer, Guru, Generalist, Nice Answer, Nice Answer, Enlightened, Nice Answer, string, Nice Answer, django-orm, Nice Answer, Nice Answer, Enlightened, Good Answer, Nice Answer, Enlightened, Nice Answer, Enlightened, Guru, Guru, Nice Answer, Good Answer, Nice Answer, Enlightened, django-queryset, Nice Answer, google-app-engine, Good Answer, Good Answer, Enlightened, Nice Answer, Nice Answer, Enlightened, templates, Nice Answer, Nice Answer, Enlightened, Great Answer, Good Answer, Guru, Nice Answer, Guru, Nice Answer, Enlightened, Nice Answer, Nice Answer, Good Answer, Nice Answer, Enlightened, Good Answer, Nice Answer, Enlightened, Good Answer, Good Answer, Nice Answer, Nice Answer, Nice Answer, Nice Answer, Guru, Good Answer, Good Answer, Nice Answer, Enlightened, Nice Answer, Nice Answer, Enlightened, Yearling, Nice Answer, Teacher, Supporter, Editor, Autobiographer, Commentator, Scholar, Student, Critic, Organizer, Nice Answer, Enlightened, Enthusiast, Nice Answer, Good Answer, Cleanup, Nice Answer, django, Nice Answer, Enlightened, django-authentication, Nice Answer, orm, Nice Answer, Enlightened, Good Answer, Nice Answer, Good Answer, google-app-engine, python-2.7, model, Good Answer, Nice Answer, Nice Answer, Good Answer, Nice Answer, Enlightened, Nice Answer, Enlightened, Nice Answer, Enlightened, Good Answer, Nice Answer, Revival, Nice Answer, Yearling, Nice Answer, Nice Answer, Nice Answer, Enlightened, Nice Answer, Nice Answer, Enlightened, Guru, Nice Answer, Nice Answer, Enlightened, Good Answer, forms, Enlightened, Nice Answer, Nice Answer, Enlightened, Good Answer, Nice Answer, Nice Answer, Enlightened, Nice Answer, Nice Answer, Enlightened, Nice Answer, Enlightened, Nice Answer, Nice Answer, Nice Answer, Nice Answer, Enlightened, Nice Answer, Enlightened, Nice Answer, Nice Answer, Enlightened, Nice Question, Nice Answer, javascript, Nice Answer, Nice Answer, Enlightened, Nice Answer, Enlightened, Nice Answer, Nice Answer, Enlightened, Good Answer, Nice Answer, Nice Answer, Great Answer, Nice Answer, Nice Answer, Enlightened, Nice Answer, Enlightened, Nice Answer, Nice Answer, Enlightened, list, django-template-tags, Good Answer, Yearling, Nice Answer, Nice Answer, Enlightened, Nice Answer, Enlightened, django-models, Nice Answer, Nice Answer, Enlightened, Epic, Nice Answer, Enlightened, Caucus, Caucus, Nice Answer, Nice Answer, Nice Answer, Good Answer, Nice Answer, Enlightened, jquery, json, Nice Answer, Nice Answer, Enlightened, Nice Answer, Enlightened, Nice Answer, Enlightened, unit-testing, Good Answer, Good Answer, Nice Answer, Enlightened, Nice Answer, Enlightened, Nice Answer, Enlightened, Nice Answer, Enlightened, Nice Answer, Enlightened, Good Answer, Guru, Nice Answer, Nice Answer, Enlightened, Nice Answer, Nice Answer, Nice Answer, Enlightened, Good Answer, Guru, Guru, Nice Answer, Enlightened, Nice Answer, Enlightened, Nice Answer, sql, Nice Answer, Enlightened, Good Answer, Guru, Nice Answer, Enlightened, Good Answer, Nice Answer, Enlightened, inheritance, django-urls, Nice Answer, Legendary, Guru)"
0,63785,426671,0,381.46210135741774,94511,7468,3345,1629,39,3317,5450,"WrappedArray(Commentator, Nice Answer, Popular Question, Enlightened, Nice Answer, Famous Question, Popular Question, Nice Answer, Nice Answer, Enlightened, tsql, pivot, Notable Question, Nice Answer, Popular Question, Popular Question, Popular Question, Nice Answer, Enlightened, Nice Answer, Enlightened, Nice Answer, Enlightened, Nice Answer, Notable Question, inner-join, Nice Answer, Student, Scholar, Editor, Supporter, Teacher, Tumbleweed, Popular Question, Nice Question, Popular Question, Notable Question, Popular Question, tsql, sql-server-2008, Revival, pivot, Yearling, Notable Question, sql-server, Nice Answer, Enlightened, sql, Reviewer, Custodian, Custodian, Popular Question, Custodian, Custodian, Custodian, Popular Question, Nice Answer, Enlightened, Yearling, Nice Answer, Famous Question, Nice Answer, Famous Question, Tenacious, Excavator, Yearling, Mortarboard, Promoter, Analytical, Popular Question, Fanatic, Benefactor, Popular Question, Popular Question, Unsung Hero, Popular Question, Quorum, Copy Editor, sql, Notable Question, Archaeologist, Reviewer, php, mysql, Popular Question, Popular Question, Nice Answer, Nice Answer, Enlightened, Notable Question, Nice Answer, Nice Answer, group-by, Caucus, Talkative, Nice Answer, Enlightened, select, Notable Question, Popular Question, Good Answer, Nice Answer, Enlightened, Nice Answer, Enlightened, oracle, Autobiographer, Critic, Suffrage, Vox Populi, Civic Duty, Citizen Patrol, Strunk & White, Organizer, Deputy, Enthusiast, Notable Question, Constituent, Famous Question, sql-server-2008-r2, Notable Question, Legendary, Nice Answer, Enlightened, Revival, Nice Answer, Revival, c#, Nice Answer, Taxonomist, Revival, Nice Answer, sql, Marshal, Tag Editor, Notable Question, Popular Question, Sportsmanship, Popular Question, Convention, Caucus, Caucus, Popular Question, Popular Question, Constituent, mysql, Popular Question, Popular Question, database, sql-server-2005, Custodian, Epic, Nice Answer, Enlightened, Peer Pressure, oracle, Popular Question, Nice Answer, Enlightened, pivot, Nice Answer, Reviewer, Enlightened, tsql, join, sql-server-2008, ms-access, sql-server, Notable Question, Nice Answer, Nice Answer, Enlightened, Disciplined, Steward, Famous Question, Informed, unpivot, Notable Question, Notable Question, Notable Question, Notable Question, Cleanup, Proofreader, Popular Question, Pundit, Electorate, Popular Question, sql-server, Revival, mysql, Nice Answer, Nice Answer, Enlightened, Nice Answer, Enlightened, Notable Question, Nice Answer, Notable Question, Famous Question, Popular Question, Notable Question, Steward, Good Answer, Nice Answer, Popular Question, sql-server-2008, count, Notable Question, Nice Answer, Nice Answer, Nice Answer, Good Answer, Good Answer, Notable Question, Good Answer, Enlightened, Nice Answer, Enlightened, Notable Question, Nice Answer, Enlightened, Nice Answer, Nice Answer, Famous Question, Nice Answer, Nice Answer, Enlightened)"
